,Title,Artist,Genre,Lyric
2,눈물이 뚝뚝,케이윌,없음,없음
31,LOVE ! DANCE ! (Prod. BOYCOLD),김하온 (HAON),없음,없음
36,사이먼 도미닉,사이먼 도미닉,없음,없음
57,Patience,멜로망스,"발라드, 인디음악",없음
134,BOY,창모 (CHANGMO),랩/힙합,없음
145,mercy (Feat. AP),나플라 (nafla),랩/힙합,없음
146,Locked and Loaded (Feat. Owen Ovadoz),나플라 (nafla),"랩/힙합, 인디음악",없음
189,GOD GOD GOD,EK,없음,없음
210,다시 사랑한다면,도원경,없음,없음
240,Sun And Moon,샘김 (Sam Kim),없음,없음
263,시발점,MINO (송민호),랩/힙합,없음
314,Remember,S.E.S.,없음,없음
392,바다,"허각, 정은지",없음,없음
440,니가 알던 내가 아냐 (Prod. By GRAY),"사이먼 도미닉, ONE, 지투 (G2), BewhY (비와이)",랩/힙합,없음
442,미친놈 (Feat. 제시),#Gun,랩/힙합,없음
443,1ll Recognize 1ll,Dok2,없음,없음
450,거북선 (Feat. 팔로알토),"Ja Mezz, Andup (앤덥), MINO (송민호)",랩/힙합,없음
451,아름다워 (Beautiful) (Feat. 지코 (ZICO)),C JAMM,랩/힙합,없음
453,공중도덕 (Air DoTheQ),"The Quiett, 수퍼비 (SUPERBEE), myunDo, 플로우식 (Flowsik), Dok2",랩/힙합,없음
460,Beverly 1lls (Remix) (Feat. The Quiett),Dok2,랩/힙합,없음
496,풀어 (Pour Up) (feat. 지코 (ZICO),DEAN,R&B/Soul,없음
511,돈이 하게 했어,창모 (CHANGMO),랩/힙합,없음
513,Ambition (Feat. Hash Swan & 김효은),창모 (CHANGMO),랩/힙합,없음
519,Bling!,창모 (CHANGMO),랩/힙합,없음
524,100 (Feat. 천재노창),블랙넛 (Black Nut),"랩/힙합, 인디음악",없음
631,담배,창모 (CHANGMO),랩/힙합,없음
736,낮보다는 밤,EXID,없음,없음
758,"Ambition And Vision (Feat. Beenzino, 창모, 김효은, Hash Swan, The Quiett)",Dok2,랩/힙합,없음
764,Raw Sh!t (Prod. by DJ Wegun),박재범,랩/힙합,없음
777,인턴,옥상달빛,없음,없음
828,팩트폭행 (Feat. G-DRAGON),싸이 (PSY),랩/힙합,없음
834,인기가요 (Feat. The Quiett & Dok2),창모 (CHANGMO),랩/힙합,없음
837,17 (17 Remix),"Ja Mezz, NO:EL, 양홍원",랩/힙합,없음
838,하루종일,Jazzyfact,랩/힙합,없음
840,My Last (Feat. 로꼬 & GRAY),박재범,없음,없음
856,진짜를 꺼내봐 (For Real),오반(OVAN),"랩/힙합, 인디음악",없음
858,D.O.N,창모 (CHANGMO),랩/힙합,없음
879,Show Time,It's,없음,없음
894,개소리 (BULLSHIT),G-DRAGON,랩/힙합,없음
896,INTRO. 권지용 (Middle Fingers-Up),G-DRAGON,랩/힙합,없음
899,Cross The Street,Jazzyfact,랩/힙합,없음
901,One More Rollie (Feat. 김효은 & Hash Swan),창모 (CHANGMO),랩/힙합,없음
904,Show Me Luv (Feat. Sik-K),창모 (CHANGMO),랩/힙합,없음
905,Young Knight,Jazzyfact,랩/힙합,없음
907,On My Wave (Feat. 김효은),Jazzyfact,랩/힙합,없음
982,"공중도덕 3 (Feat. Dok2, myunDo, Keem Hyoeun, The Quiett)",수퍼비 (SUPERBEE),랩/힙합,없음
985,Gucci,제시 (Jessi),랩/힙합,없음
987,rainin' with u,헤이즈 (Heize),랩/힙합,없음
989,팔지 않아,넉살,랩/힙합,없음
996,Don't be shy (Feat. Sik-K),Crush,R&B/Soul,없음
1001,LOVE MY LIFE (Feat. pH-1),박재범,R&B/Soul,없음
1013,작은 것들의 신,넉살,랩/힙합,없음
1016,"악당출현 (Feat. ODEE, Deepflow, Don Mills, 우탄)",넉살,랩/힙합,없음
1036,밥 영화 카페 (Feat. Aron Of NU'EST),레이나 (Raina),없음,없음
1191,TAPE 2002年 7月 28日,에픽하이 (EPIK HIGH),랩/힙합,없음
1200,둘이,폴킴,없음,없음
1226,일방적이야,블락비 (Block B),없음,없음
1235,Intro. 新世界,세븐틴 (SEVENTEEN),댄스,없음
1279,Wet,40,일렉트로니카,없음
1301,"잘 지내자, 우리 (여름날 우리 X 로이킴)",로이킴,없음,없음
1368,Love 119,RIIZE,없음,없음
1401,3D (feat. Jack Harlow),"정국, Jack Harlow",댄스,없음
1405,New Jeans,NewJeans,없음,없음
1497,뭐 어떡할까,기리보이,없음,없음
1629,CHRISTIAN,Zior Park,없음,없음
1640,Zombie,DAY6 (데이식스),없음,없음
1674,Life is Wet (feat. JMIN),CAMO,"랩/힙합, 인디음악",없음
1675,Wifey (feat. 사이먼 도미닉),CAMO,"랩/힙합, 인디음악",없음
1704,MY NAME IS (Feat. Tray B),Fleeky Bang,없음,없음
1705,FRI(END)S,V,없음,없음
1719,널 제외한 나의 뇌 (Get The Hell Out),DAY6 (데이식스),없음,없음
1936,Combo,RIIZE,없음,없음
1944,Mantra,제니 (JENNIE),댄스,없음
1950,,화사 (HWASA),없음,없음
1969,annie.,wave to earth,없음,없음
2016,stay a little longer,로제 (ROSÉ),없음,없음
2028,OTL (OFF THE LEASH),"루피 (Loopy), OSUN (권오선), JP",랩/힙합,없음
2193,Lovey Dovey (Feat. meenoi),BIG Naughty (서동현),없음,없음
